{
  "dataset_info": {
    "shape": [
      3539,
      18
    ],
    "columns": [
      "rental_id",
      "rent",
      "bedrooms",
      "bathrooms",
      "size_sqft",
      "min_to_subway",
      "floor",
      "building_age_yrs",
      "no_fee",
      "has_roofdeck",
      "has_washer_dryer",
      "has_doorman",
      "has_elevator",
      "has_dishwasher",
      "has_patio",
      "has_gym",
      "neighborhood",
      "borough"
    ],
    "memory_mb": 0.8911170959472656
  },
  "column_analysis": {
    "rental_id": {
      "name": "rental_id",
      "dtype": "int64",
      "total_values": 3539,
      "non_null": "3539",
      "null_count": "0",
      "null_percentage": 0.0,
      "unique_count": 3539,
      "min": 1.0,
      "max": 11349.0,
      "mean": 5332.589997174343,
      "median": 5128.0,
      "std": 3311.552136262258,
      "skewness": 0.13650321655912506,
      "kurtosis": -1.1954965346394881,
      "outliers": 0
    },
    "rent": {
      "name": "rent",
      "dtype": "int64",
      "total_values": 3539,
      "non_null": "3539",
      "null_count": "0",
      "null_percentage": 0.0,
      "unique_count": 854,
      "min": 1300.0,
      "max": 20000.0,
      "mean": 5138.9403786380335,
      "median": 4000.0,
      "std": 3162.824759651672,
      "skewness": 1.9843134243009808,
      "kurtosis": 4.317843708645174,
      "outliers": 273
    },
    "bedrooms": {
      "name": "bedrooms",
      "dtype": "float64",
      "total_values": 3539,
      "non_null": "3539",
      "null_count": "0",
      "null_percentage": 0.0,
      "unique_count": 10,
      "min": 0.0,
      "max": 5.0,
      "mean": 1.3519355750211923,
      "median": 1.0,
      "std": 0.9675945361314098,
      "skewness": 0.5732717016050526,
      "kurtosis": 0.15275512111213008,
      "outliers": 82
    },
    "bathrooms": {
      "name": "bathrooms",
      "dtype": "int64",
      "total_values": 3539,
      "non_null": "3539",
      "null_count": "0",
      "null_percentage": 0.0,
      "unique_count": 6,
      "min": 0.0,
      "max": 5.0,
      "mean": 1.3667702740887255,
      "median": 1.0,
      "std": 0.5995881816959077,
      "skewness": 1.5033651791517644,
      "kurtosis": 2.1941829721802293,
      "outliers": 15
    },
    "size_sqft": {
      "name": "size_sqft",
      "dtype": "int64",
      "total_values": 3539,
      "non_null": "3539",
      "null_count": "0",
      "null_percentage": 0.0,
      "unique_count": 1019,
      "min": 250.0,
      "max": 4800.0,
      "mean": 939.7273241028539,
      "median": 800.0,
      "std": 477.9490743334848,
      "skewness": 1.7504353754535635,
      "kurtosis": 4.416879818209096,
      "outliers": 180
    },
    "min_to_subway": {
      "name": "min_to_subway",
      "dtype": "int64",
      "total_values": 3539,
      "non_null": "3539",
      "null_count": "0",
      "null_percentage": 0.0,
      "unique_count": 19,
      "min": 0.0,
      "max": 43.0,
      "mean": 4.970895733257983,
      "median": 4.0,
      "std": 5.513588800795047,
      "skewness": 4.842339571268724,
      "kurtosis": 30.00258607928871,
      "outliers": 120
    },
    "floor": {
      "name": "floor",
      "dtype": "float64",
      "total_values": 3539,
      "non_null": "3539",
      "null_count": "0",
      "null_percentage": 0.0,
      "unique_count": 64,
      "min": 0.0,
      "max": 83.0,
      "mean": 11.90830743147782,
      "median": 8.0,
      "std": 10.960893223659374,
      "skewness": 1.708331720948273,
      "kurtosis": 3.6599197584165157,
      "outliers": 147
    },
    "building_age_yrs": {
      "name": "building_age_yrs",
      "dtype": "int64",
      "total_values": 3539,
      "non_null": "3539",
      "null_count": "0",
      "null_percentage": 0.0,
      "unique_count": 122,
      "min": 0.0,
      "max": 180.0,
      "mean": 51.99491381746256,
      "median": 39.0,
      "std": 39.38043315750009,
      "skewness": 0.4185647004351902,
      "kurtosis": -1.173333402291179,
      "outliers": 0
    },
    "no_fee": {
      "name": "no_fee",
      "dtype": "int64",
      "total_values": 3539,
      "non_null": "3539",
      "null_count": "0",
      "null_percentage": 0.0,
      "unique_count": 2,
      "min": 0.0,
      "max": 1.0,
      "mean": 0.4035038146369031,
      "median": 0.0,
      "std": 0.49066945670475004,
      "skewness": 0.3935470117537896,
      "kurtosis": -1.8461643946262598,
      "outliers": 0
    },
    "has_roofdeck": {
      "name": "has_roofdeck",
      "dtype": "int64",
      "total_values": 3539,
      "non_null": "3539",
      "null_count": "0",
      "null_percentage": 0.0,
      "unique_count": 2,
      "min": 0.0,
      "max": 1.0,
      "mean": 0.15484600169539417,
      "median": 0.0,
      "std": 0.36180893703251454,
      "skewness": 1.9090140160292262,
      "kurtosis": 1.645263984408179,
      "outliers": 548
    },
    "has_washer_dryer": {
      "name": "has_washer_dryer",
      "dtype": "int64",
      "total_values": 3539,
      "non_null": "3539",
      "null_count": "0",
      "null_percentage": 0.0,
      "unique_count": 2,
      "min": 0.0,
      "max": 1.0,
      "mean": 0.16021474992935858,
      "median": 0.0,
      "std": 0.36685693759244886,
      "skewness": 1.8534602845090786,
      "kurtosis": 1.4361263069787578,
      "outliers": 567
    },
    "has_doorman": {
      "name": "has_doorman",
      "dtype": "int64",
      "total_values": 3539,
      "non_null": "3539",
      "null_count": "0",
      "null_percentage": 0.0,
      "unique_count": 2,
      "min": 0.0,
      "max": 1.0,
      "mean": 0.2811528680418197,
      "median": 0.0,
      "std": 0.4496254632232722,
      "skewness": 0.974014584078338,
      "kurtosis": -1.051890365829244,
      "outliers": 0
    },
    "has_elevator": {
      "name": "has_elevator",
      "dtype": "int64",
      "total_values": 3539,
      "non_null": "3539",
      "null_count": "0",
      "null_percentage": 0.0,
      "unique_count": 2,
      "min": 0.0,
      "max": 1.0,
      "mean": 0.29471602147499293,
      "median": 0.0,
      "std": 0.4559794276502437,
      "skewness": 0.9009180857284014,
      "kurtosis": -1.1890188742713959,
      "outliers": 0
    },
    "has_dishwasher": {
      "name": "has_dishwasher",
      "dtype": "int64",
      "total_values": 3539,
      "non_null": "3539",
      "null_count": "0",
      "null_percentage": 0.0,
      "unique_count": 2,
      "min": 0.0,
      "max": 1.0,
      "mean": 0.18564566261655835,
      "median": 0.0,
      "std": 0.3888754058899622,
      "skewness": 1.617649687160987,
      "kurtosis": 0.617138955561598,
      "outliers": 657
    },
    "has_patio": {
      "name": "has_patio",
      "dtype": "int64",
      "total_values": 3539,
      "non_null": "3539",
      "null_count": "0",
      "null_percentage": 0.0,
      "unique_count": 2,
      "min": 0.0,
      "max": 1.0,
      "mean": 0.05510031082226618,
      "median": 0.0,
      "std": 0.22820819946589274,
      "skewness": 3.9012731283994744,
      "kurtosis": 13.227406927005125,
      "outliers": 195
    },
    "has_gym": {
      "name": "has_gym",
      "dtype": "int64",
      "total_values": 3539,
      "non_null": "3539",
      "null_count": "0",
      "null_percentage": 0.0,
      "unique_count": 2,
      "min": 0.0,
      "max": 1.0,
      "mean": 0.17490816614862956,
      "median": 0.0,
      "std": 0.379942218820402,
      "skewness": 1.7122374994103158,
      "kurtosis": 0.9322837978486294,
      "outliers": 619
    },
    "neighborhood": {
      "name": "neighborhood",
      "dtype": "object",
      "total_values": 3539,
      "non_null": "3539",
      "null_count": "0",
      "null_percentage": 0.0,
      "unique_count": 32,
      "top_10_values": {
        "Upper West Side": 579,
        "Upper East Side": 500,
        "Midtown East": 460,
        "Midtown West": 314,
        "Financial District": 268,
        "Chelsea": 182,
        "Flatiron": 132,
        "Midtown": 119,
        "Tribeca": 119,