{
  "model_performance": {
    "LinearRegression": {
      "RMSE": 726.1725574386596,
      "MAE": 428.0077109678847,
      "R2": 0.9440928203695187
    },
    "Ridge": {
      "RMSE": 725.9439795340687,
      "MAE": 428.1258720610249,
      "R2": 0.9441280107236287
    },
    "Lasso": {
      "RMSE": 726.2159728738042,
      "MAE": 427.75414355004705,
      "R2": 0.9440861351620853
    },
    "RandomForest": {
      "RMSE": 436.922258492564,
      "MAE": 94.70298022598868,
      "R2": 0.9797606640900188
    },
    "GradientBoosting": {
      "RMSE": 354.579681261013,
      "MAE": 133.03536470439937,
      "R2": 0.9866704462829051
    }
  },
  "best_model": "GradientBoosting",
  "feature_count": 18,
  "train_size": 2831,
  "test_size": 708
}